time,x_actual_x,x_actual_y,x_actual_z,x_desired_x,x_desired_y,x_desired_z,x_d_actual_x,x_d_actual_y,x_d_actual_z,x_d_desired_x,x_d_desired_y,x_d_desired_z,force,force_error,stiffness,dotproduct
0.0209198,-0.3448446,1.163488,-0.2969559,-0.3082171,1.222535,-0.3120224,-0.0007366593,-0.04946178,-0.06175422,-0.009783879,-0.07049503,-0.05140969,0,0,0,0,-10,0.02049837,255,0
0.04495239,-0.3450446,1.1626,-0.2981754,-0.3087203,1.221066,-0.3128091,-0.004131155,-0.04156671,-0.05609743,-0.01490688,-0.07134365,-0.04784301,0,0,0,0,-10,0.02069545,255,0
0.06797791,-0.3454522,1.161602,-0.2993545,-0.3095976,1.219146,-0.3135297,-0.008637782,-0.0383518,-0.05268416,-0.02173672,-0.06342699,-0.03398206,0,0,0,0,-10,0.02086276,255,0
0.08929443,-0.3461053,1.16033,-0.3004546,-0.3106262,1.217156,-0.3139946,-0.01752814,-0.04290723,-0.05070436,-0.03772581,-0.0825849,-0.03099112,0,0,0,0,-10,0.02088985,255,0
0.1110992,-0.346769,1.159152,-0.3012226,-0.3115363,1.215541,-0.3143047,-0.03147116,-0.0612994,-0.05301011,-0.04956916,-0.09587546,-0.02240349,0,0,0,0,-10,0.02071273,255,0
0.1356964,-0.3474346,1.158001,-0.3018866,-0.3124572,1.214017,-0.3145474,-0.03039696,-0.05396139,-0.03517536,-0.04167759,-0.0740031,-0.01420008,0,0,0,0,-10,0.02043736,255,0
0.1564941,-0.3480335,1.156882,-0.3025121,-0.3134742,1.212364,-0.3147838,-0.0271589,-0.04693824,-0.02709566,-0.03758245,-0.0621838,-0.009904265,0,0,0,0,-10,0.02016086,255,0
0.1789856,-0.3486782,1.155339,-0.3033335,-0.3148731,1.21016,-0.3150949,-0.0281404,-0.05260977,-0.02938508,-0.04777526,-0.07762657,-0.01110271,0,0,0,0,-10,0.01996655,255,0
0.2002411,-0.3489935,1.154326,-0.3038766,-0.3158043,1.208781,-0.3152471,-0.02893836,-0.069253,-0.03686858,-0.06279565,-0.09892444,-0.01396886,0,0,0,0,-10,0.01987534,255,0
0.2298889,-0.3491855,1.153447,-0.3043471,-0.316606,1.207693,-0.3152626,-0.0130348,-0.04187204,-0.02245663,-0.03850183,-0.05705343,-0.006291897,0,0,0,0,-10,0.01993098,255,0
0.2447815,-0.3492905,1.152563,-0.3047807,-0.3172949,1.206894,-0.3151109,-0.007014484,-0.03212531,-0.01718837,-0.02928708,-0.03972443,-0.0005639458,0,0,0,0,-10,0.02005272,255,0
0.2670135,-0.3492333,1.151976,-0.3050372,-0.3178113,1.206477,-0.3146251,-0.007454886,-0.0627116,-0.03078447,-0.04891065,-0.05676124,0.01076652,0,0,0,0,-10,0.02021626,255,0
0.2879791,-0.3490147,1.151662,-0.3050599,-0.3179751,1.206605,-0.3138201,0.002543173,-0.02613183,-0.01141378,-0.02297872,-0.01856331,0.02161299,0,0,0,0,-10,0.02038525,255,0
0.3105927,-0.3485951,1.151655,-0.3048416,-0.3177261,1.207221,-0.3126554,0.01053539,-0.01511949,-0.001091452,-0.007891486,0.006192555,0.03879538,0,0,0,0,-10,0.02050472,255,0
0.333847,-0.3475204,1.152094,-0.3040181,-0.3166406,1.209024,-0.31043,0.01864142,-0.0003283898,0.009698093,0.01106329,0.02737818,0.05174523,0,0,0,0,-10,0.02060336,255,0
0.3550873,-0.346067,1.152979,-0.3029346,-0.3152311,1.211221,-0.3083049,0.04612547,0.018838,0.03534299,0.04658977,0.07737803,0.09551255,0,0,0,0,-10,0.02076763,255,0
0.3795013,-0.3437113,1.15463,-0.3013056,-0.3131277,1.21458,-0.305427,0.06867199,0.04181124,0.05119525,0.06659776,0.1037874,0.1004106,0,0,0,0,-10,0.02119425,255,0
0.4008789,-0.3410369,1.156577,-0.2993777,-0.3108594,1.218248,-0.3024551,0.09419329,0.0660416,0.06513594,0.08410354,0.1343044,0.1150735,0,0,0,0,-10,0.02232353,255,0
0.4218597,-0.3376971,1.159062,-0.2968667,-0.30776,1.223451,-0.2984604,0.1279368,0.09313983,0.09222171,0.1085111,0.1754676,0.1421647,0,0,0,0,-10,0.0239997,255,0
0.4436188,-0.333871,1.162018,-0.2938647,-0.3046413,1.229216,-0.2943716,0.1596462,0.1187603,0.120031,0.1481526,0.2487464,0.1909561,0,0,0,0,-10,0.02659071,255,0
0.4660187,-0.3301198,1.165097,-0.2908413,-0.3019885,1.234826,-0.2905954,0.1764602,0.1363366,0.1384533,0.1438358,0.2658669,0.1885721,0,0,0,0,-10,0.03011175,255,0
0.488205,-0.3251601,1.169378,-0.2865624,-0.2987524,1.242835,-0.2852298,0.1652136,0.1356109,0.133159,0.1168384,0.2470966,0.1663175,0,0,0,0,-10,0.0340208,255,0
0.5105743,-0.3204402,1.17369,-0.2820932,-0.2963863,1.250532,-0.2801732,0.2238548,0.1932087,0.193128,0.1460607,0.3614519,0.242174,0,0,0,0,-10,0.03970086,255,0
0.5355072,-0.3167865,1.177253,-0.2782212,-0.295086,1.257061,-0.2759001,0.2091428,0.1910708,0.1980329,0.1048428,0.3410719,0.224064,0,0,0,0,-10,0.04557109,255,0
0.5551453,-0.3130974,1.181277,-0.2736523,-0.2945669,1.265665,-0.2704762,0.1459178,0.1423199,0.1546361,0.05192861,0.2607356,0.1706515,0,0,0,0,-10,0.0504423,255,0
0.5774689,-0.3110094,1.183922,-0.2705745,-0.2949737,1.270275,-0.2675667,0.1893246,0.2065021,0.234479,0.02664326,0.4415745,0.2783563,0,0,0,0,-10,0.05577803,255,0
0.6000977,-0.3089942,1.187087,-0.2667177,-0.2964676,1.276137,-0.2634584,0.09430861,0.1194381,0.1390097,-0.01837364,0.2082238,0.1314126,0,0,0,0,-10,0.05909626,255,0
0.6216278,-0.3076494,1.190153,-0.2622703,-0.2991613,1.2815,-0.2590446,0.08893492,0.1396833,0.1702073,-0.06593014,0.2587069,0.1813052,0,0,0,0,-10,0.06278393,255,0
0.644104,-0.3074621,1.192228,-0.2582075,-0.3031954,1.286086,-0.2541918,0.0628622,0.1433443,0.207895,-0.1259139,0.250691,0.2063235,0,0,0,0,-10,0.06620429,255,0
0.6682434,-0.3083967,1.19346,-0.2540203,-0.3081583,1.28958,-0.2493471,0.00836502,0.09269555,0.1814982,-0.1802174,0.2048718,0.2167929,0,0,0,0,-10,0.06844564,255,0
0.6896667,-0.3110811,1.193919,-0.2487062,-0.3151121,1.292341,-0.2436385,-0.03864107,0.0509168,0.1731319,-0.2052075,0.1444696,0.2003155,0,0,0,0,-10,0.06983238,255,0
0.7106628,-0.3142614,1.193332,-0.2445694,-0.3218827,1.293926,-0.2384477,-0.1253912,0.02143287,0.2482292,-0.3248174,0.1289703,0.2666579,0,0,0,0,-10,0.0705467,255,0
0.7318115,-0.3194492,1.191615,-0.2391182,-0.3301501,1.295286,-0.2318889,-0.1502737,-0.02772959,0.1954646,-0.3199154,0.07489748,0.2452629,0,0,0,0,-10,0.07047179,255,0
0.7556,-0.3240064,1.189821,-0.2348126,-0.3366598,1.296078,-0.2266104,-0.2389236,-0.07905833,0.2510541,-0.3807537,0.06263725,0.3020659,0,0,0,0,-10,0.07016036,255,0
0.7830048,-0.3297728,1.187511,-0.2297094,-0.3443441,1.296744,-0.2204034,-0.197263,-0.07766058,0.1863751,-0.2817841,0.03428418,0.2284898,0,0,0,0,-10,0.07017326,255,0
0.8031006,-0.3360812,1.184978,-0.2244064,-0.3521788,1.297367,-0.2140777,-0.181424,-0.07268288,0.1605557,-0.2417637,0.02092835,0.1952862,0,0,0,0,-10,0.07073982,255,0
0.81987,-0.3425283,1.182555,-0.2192181,-0.3603617,1.29795,-0.2075046,-0.3971448,-0.1594696,0.3338512,-0.4932325,0.0392201,0.3982311,0,0,0,0,-10,0.07210678,255,0
0.8418884,-0.3458243,1.181426,-0.2166591,-0.3651542,1.298305,-0.2036786,-0.3908617,-0.1468692,0.3145453,-0.4960919,0.03537668,0.3984989,0,0,0,0,-10,0.07427985,255,0
0.8644257,-0.353485,1.179234,-0.2110355,-0.374701,1.298965,-0.1962437,-0.1457529,-0.04994307,0.11316,-0.2119325,0.01568299,0.1691891,0,0,0,0,-10,0.07565419,255,0
0.8877411,-0.3591247,1.178025,-0.2072018,-0.380785,1.299332,-0.1916484,-0.3450521,-0.09871671,0.2532968,-0.4300056,0.02973046,0.3348824,0,0,0,0,-10,0.07934642,255,0
0.9093323,-0.3677452,1.176856,-0.2018798,-0.3906478,1.299751,-0.1844229,-0.2436398,-0.05224127,0.1656229,-0.2628363,0.0158619,0.1985209,0,0,0,0,-10,0.08239296,255,0
0.9322968,-0.3740424,1.176499,-0.1983876,-0.398039,1.299994,-0.1792552,-0.3923286,-0.05321723,0.2422092,-0.4488661,0.01905924,0.3288439,0,0,0,0,-10,0.08736382,255,0
0.9546661,-0.3820009,1.176641,-0.1944539,-0.4066495,1.300168,-0.1735833,-0.2745797,-0.01553144,0.1522736,-0.3222799,0.0105934,0.225328,0,0,0,0,-10,0.0911422,255,0
0.9754028,-0.3892257,1.177212,-0.1913043,-0.4145205,1.300284,-0.1687005,-0.3589596,0.006409153,0.1774239,-0.3883667,0.007866268,0.2558258,0,0,0,0,-10,0.09597975,255,0
0.9988861,-0.3955667,1.178075,-0.1888184,-0.4212219,1.300354,-0.1647323,-0.3423589,0.02701329,0.149251,-0.3729819,0.005485132,0.2313782,0,0,0,0,-10,0.1004006,255,0
1.019745,-0.4033771,1.179464,-0.1860484,-0.4302813,1.30048,-0.1596632,-0.2730397,0.03719407,0.1070395,-0.2885569,0.003033632,0.1708689,0,0,0,0,-10,0.1043077,255,0
1.045471,-0.4103321,1.180984,-0.1838343,-0.4375052,1.30054,-0.1559151,-0.363025,0.06455563,0.1287456,-0.4210757,0.005856605,0.2356078,0,0,0,0,-10,0.1091695,255,0
1.064804,-0.4205447,1.183583,-0.1809947,-0.4469153,1.300581,-0.1514584,-0.2762441,0.06036932,0.08794507,-0.2869235,0.002367424,0.1488707,0,0,0,0,-10,0.1135177,255,0
1.087601,-0.4266297,1.185334,-0.1795059,-0.453598,1.300514,-0.1485025,-0.5290838,0.1346653,0.1471097,-0.4875139,0.002112154,0.2308887,0,0,0,0,-10,0.1198809,255,0
1.109268,-0.4375015,1.188627,-0.1771371,-0.4644828,1.300338,-0.1440822,-0.2707312,0.07786512,0.06623653,-0.2973219,-0.002980737,0.1315104,0,0,0,0,-10,0.1236485,255,0
1.131653,-0.4464274,1.1915,-0.175483,-0.4727424,1.300043,-0.1411836,-0.4996439,0.1513576,0.1088655,-0.5002452,-0.008064516,0.2031496,0,0,0,0,-10,0.1303546,255,0
1.15387,-0.4589047,1.195754,-0.1736574,-0.4843718,1.299441,-0.1377099,-0.3899792,0.125526,0.07227083,-0.3608672,-0.01288542,0.1266406,0,0,0,0,-10,0.135755,255,0
1.175232,-0.4675971,1.198891,-0.1726983,-0.4929339,1.298939,-0.1354295,-0.5750428,0.1960432,0.08413546,-0.5359666,-0.02777228,0.1600931,0,0,0,0,-10,0.1429734,255,0
1.19725,-0.4767838,1.202333,-0.1718868,-0.5015801,1.298388,-0.1332569,-0.4008923,0.1446659,0.04423601,-0.3948776,-0.02312412,0.1051719,0,0,0,0,-10,0.1476973,255,0
1.220306,-0.4859647,1.205829,-0.1712081,-0.5098685,1.297847,-0.1312698,-0.4192622,0.1571041,0.03703321,-0.3945965,-0.02514036,0.09915238,0,0,0,0,-10,0.1523894,255,0
1.24205,-0.4958855,1.209741,-0.1706015,-0.5200586,1.297244,-0.1289576,-0.3995217,0.1521466,0.02953291,-0.3606823,-0.02355681,0.08647182,0,0,0,0,-10,0.1567547,255,0
1.264053,-0.5044883,1.213283,-0.1701598,-0.5291242,1.29682,-0.1268425,-0.4468508,0.1761974,0.02732496,-0.458983,-0.02718535,0.1041479,0,0,0,0,-10,0.1609747,255,0
1.291443,-0.5127724,1.216771,-0.1697234,-0.5380605,1.296586,-0.124658,-0.3917936,0.1613262,0.02011488,-0.4128708,-0.01930051,0.09632611,0,0,0,0,-10,0.1641001,255,0
1.310303,-0.5235302,1.221373,-0.1689851,-0.5499532,1.296632,-0.1214531,-0.2999482,0.1262819,0.01580197,-0.3235627,-0.008464261,0.07909401,0,0,0,0,-10,0.1666271,255,0
1.335648,-0.5316288,1.224921,-0.1681486,-0.5595227,1.296945,-0.1186061,-0.5053959,0.2161794,0.03468302,-0.5587113,0.002144937,0.1505656,0,0,0,0,-10,0.1692002,255,0
1.355988,-0.5389377,1.228046,-0.1671566,-0.570121,1.297473,-0.1153615,-0.3552517,0.1556434,0.03669365,-0.4197755,0.01373724,0.1248876,0,0,0,0,-10,0.1706229,255,0
1.375076,-0.5463767,1.231041,-0.1659039,-0.5791813,1.298021,-0.1125994,-0.3650915,0.1561011,0.04955459,-0.5294011,0.02636719,0.1620707,0,0,0,0,-10,0.1716044,255,0
1.399277,-0.5509475,1.232735,-0.1650438,-0.5863613,1.298517,-0.1104419,-0.3903279,0.1571757,0.06572758,-0.4753959,0.02878553,0.1449284,0,0,0,0,-10,0.1723941,255,0
1.420029,-0.5594051,1.235547,-0.1633222,-0.5980054,1.299383,-0.10701,-0.1895916,0.07022844,0.03567544,-0.2978194,0.02056962,0.08949021,0,0,0,0,-10,0.172799,255,0
1.443115,-0.5688276,1.238182,-0.1612991,-0.6108656,1.300407,-0.1033505,-0.4108773,0.1366464,0.08363834,-0.5656824,0.04203924,0.1667265,0,0,0,0,-10,0.1733968,255,0
1.464676,-0.5777518,1.240279,-0.1593957,-0.6224148,1.301383,-0.1002958,-0.4078677,0.114045,0.08757327,-0.5566742,0.04433104,0.158407,0,0,0,0,-10,0.1738219,255,0
1.487045,-0.5845258,1.241677,-0.1580195,-0.6323097,1.302208,-0.09786677,-0.4055863,0.09529408,0.08650637,-0.5248895,0.0443828,0.138829,0,0,0,0,-10,0.1739356,255,0
1.50795,-0.5919009,1.243011,-0.1566344,-0.6417556,1.30303,-0.09569579,-0.3082954,0.06365018,0.06263021,-0.4503255,0.0375434,0.1105496,0,0,0,0,-10,0.1739839,255,0
1.530884,-0.5987091,1.244114,-0.155471,-0.6501551,1.303773,-0.09389025,-0.3497337,0.06324055,0.06568266,-0.4479355,0.03899466,0.1029503,0,0,0,0,-10,0.1740317,255,0
1.55397,-0.6064433,1.245302,-0.1542802,-0.6601274,1.304654,-0.09189481,-0.2923877,0.04737672,0.04996723,-0.3607266,0.03187459,0.07754137,0,0,0,0,-10,0.1740296,255,0
1.575562,-0.6169356,1.246773,-0.1528951,-0.6721566,1.305672,-0.08969527,-0.3450423,0.05301225,0.05312394,-0.4448923,0.03931778,0.08902209,0,0,0,0,-10,0.1739196,255,0
1.597717,-0.6230816,1.24756,-0.1521912,-0.6793463,1.306284,-0.08847994,-0.4839022,0.06784944,0.06387997,-0.554781,0.04693548,0.1014415,0,0,0,0,-10,0.1735979,255,0
1.621887,-0.6343077,1.248943,-0.1510704,-0.6903143,1.307192,-0.08679509,-0.2772066,0.03546542,0.03175004,-0.324286,0.02763679,0.05481654,0,0,0,0,-10,0.1733284,255,0
1.642288,-0.6443743,1.250128,-0.1502242,-0.7015097,1.308128,-0.08526683,-0.4644665,0.05721275,0.04637192,-0.4537859,0.03755327,0.06970831,0,0,0,0,-10,0.1726572,255,0
1.665329,-0.6532632,1.251119,-0.149616,-0.7101116,1.308834,-0.08422232,-0.4971535,0.05852016,0.04178834,-0.5529007,0.04624505,0.0754757,0,0,0,0,-10,0.1718765,255,0
1.688095,-0.6613118,1.252002,-0.1491518,-0.7177559,1.309441,-0.08339196,-0.376563,0.04198651,0.02576559,-0.3644074,0.02987132,0.04424895,0,0,0,0,-10,0.1710442,255,0
1.710815,-0.6728376,1.253233,-0.1486297,-0.7287709,1.310296,-0.08235705,-0.3642794,0.03997971,0.02100958,-0.3459756,0.02747324,0.03758147,0,0,0,0,-10,0.1701806,255,0
1.731766,-0.6825806,1.254275,-0.1482881,-0.7373305,1.310946,-0.08167154,-0.5015615,0.05358773,0.02272161,-0.4793352,0.03722091,0.045036,0,0,0,0,-10,0.1687729,255,0
1.755402,-0.6932334,1.255402,-0.1480047,-0.7472443,1.311611,-0.0810135,-0.4633669,0.04951696,0.01624297,-0.4070863,0.03089282,0.03260216,0,0,0,0,-10,0.1674408,255,0
1.77594,-0.706579,1.256665,-0.1477461,-0.7593566,1.312266,-0.0803743,-0.4478156,0.04738614,0.01191669,-0.4167485,0.02798769,0.02766196,0,0,0,0,-10,0.1658623,255,0
1.797897,-0.7145301,1.257349,-0.1476175,-0.7662979,1.312536,-0.08009803,-0.6526965,0.06175373,0.01264576,-0.5923799,0.03201376,0.03126166,0,0,0,0,-10,0.1638151,255,0
1.820175,-0.7234501,1.258047,-0.1474929,-0.7745366,1.312778,-0.07984221,-0.3571501,0.03073595,0.005777716,-0.3117959,0.01211232,0.01240951,0,0,0,0,-10,0.1625798,255,0
1.843033,-0.7328614,1.258719,-0.1473818,-0.7832823,1.31292,-0.07967377,-0.4090847,0.03203727,0.00571313,-0.3778374,0.01114197,0.01173242,0,0,0,0,-10,0.1611913,255,0
1.866058,-0.7430292,1.259358,-0.1473068,-0.7922217,1.312942,-0.07960284,-0.4076545,0.02907613,0.004812459,-0.378821,0.006129172,0.007296142,0,0,0,0,-10,0.1597237,255,0
1.894058,-0.7534224,1.25991,-0.1473145,-0.8017119,1.312841,-0.07964629,-0.3961709,0.02491454,0.002921559,-0.3483088,0.0008499926,0.002763637,0,0,0,0,-10,0.1581266,255,0
1.910156,-0.7645574,1.260368,-0.1474309,-0.8115311,1.312611,-0.07988,-0.3985541,0.02117923,-0.0002971401,-0.3639258,-0.003853679,-0.00166627,0,0,0,0,-10,0.1564591,255,0
1.93364,-0.7740887,1.26064,-0.1476626,-0.8204886,1.312276,-0.08027518,-0.7112459,0.02920169,-0.007431774,-0.6272044,-0.01474172,-0.01492827,0,0,0,0,-10,0.154635,255,0
1.955643,-0.7825298,1.260808,-0.1479979,-0.8290674,1.311875,-0.08079058,-0.4098717,0.01170337,-0.009965551,-0.3851937,-0.01439468,-0.01699373,0,0,0,0,-10,0.1530092,255,0
1.977173,-0.7899154,1.260917,-0.1483986,-0.835995,1.311497,-0.08131605,-0.3828368,0.00765571,-0.01520329,-0.3890814,-0.01815528,-0.02337532,0,0,0,0,-10,0.1514884,255,0
1.998672,-0.7991872,1.260982,-0.1490701,-0.844478,1.310972,-0.08208352,-0.3474684,0.005126077,-0.01885544,-0.3259209,-0.01781788,-0.02472182,0,0,0,0,-10,0.1500847,255,0
2.019943,-0.8098616,1.260929,-0.1500793,-0.8555187,1.310214,-0.08327246,-0.4210927,0.002929011,-0.03049744,-0.3852678,-0.02382731,-0.03485577,0,0,0,0,-10,0.1482105,255,0
2.044617,-0.8171201,1.26083,-0.1508937,-0.8626124,1.309689,-0.08415538,-0.5095081,-0.002526402,-0.04816665,-0.5269938,-0.03617193,-0.05675016,0,0,0,0,-10,0.1459053,255,0
2.065079,-0.8258106,1.260659,-0.1520114,-0.871745,1.308938,-0.0854336,-0.2939996,-0.004022134,-0.03298826,-0.2873242,-0.02128882,-0.03576222,0,0,0,0,-10,0.1442601,255,0
2.086792,-0.8318797,1.260504,-0.1528984,-0.8784195,1.308339,-0.08647478,-0.4160256,-0.008172023,-0.05350621,-0.4371918,-0.03593522,-0.06119031,0,0,0,0,-10,0.142201,255,0
2.108719,-0.8384912,1.260306,-0.1539538,-0.8856672,1.307674,-0.08768928,-0.2880159,-0.007342958,-0.04209472,-0.31674,-0.02841012,-0.0494094,0,0,0,0,-10,0.1406939,255,0
2.131622,-0.8452584,1.26008,-0.1551206,-0.8928013,1.307028,-0.08893865,-0.299854,-0.00899654,-0.0478644,-0.3287116,-0.03017409,-0.05508218,0,0,0,0,-10,0.1389989,255,0
2.153137,-0.8528497,1.259786,-0.1565135,-0.9011577,1.30626,-0.09052664,-0.2952704,-0.009872254,-0.05091128,-0.3112777,-0.02819678,-0.05451325,0,0,0,0,-10,0.1372166,255,0
2.175079,-0.8592082,1.25951,-0.1577629,-0.9085906,1.305574,-0.09205645,-0.3589466,-0.01388889,-0.06585949,-0.3951288,-0.03628923,-0.0750868,0,0,0,0,-10,0.1351861,255,0
2.197952,-0.8650631,1.259237,-0.1589715,-0.9153788,1.30492,-0.09351295,-0.2825159,-0.01224047,-0.05551377,-0.3302516,-0.03050848,-0.0679714,0,0,0,0,-10,0.1334486,255,0
2.219238,-0.8725893,1.258838,-0.1605643,-0.9230592,1.304169,-0.09526199,-0.2564913,-0.01199553,-0.05294849,-0.2973737,-0.02861798,-0.06380557,0,0,0,0,-10,0.1318298,255,0
2.241974,-0.8774614,1.258551,-0.1616011,-0.9284495,1.303646,-0.09656423,-0.3597625,-0.01907253,-0.07613626,-0.3671362,-0.03592268,-0.08360685,0,0,0,0,-10,0.1297713,255,0
2.265106,-0.8849385,1.258095,-0.1631784,-0.9359496,1.302955,-0.09842771,-0.2124423,-0.01248545,-0.04520646,-0.2350325,-0.02280335,-0.05678227,0,0,0,0,-10,0.1284721,255,0
2.288879,-0.892302,1.257619,-0.1646559,-0.9430811,1.302296,-0.1002771,-0.3230188,-0.01969347,-0.06814437,-0.3240128,-0.02985951,-0.08050428,0,0,0,0,-10,0.1265539,255,0
2.316986,-0.8972391,1.257256,-0.1656218,-0.9485936,1.301771,-0.101781,-0.1982622,-0.01282932,-0.03978148,-0.1920193,-0.01772738,-0.04979426,0,0,0,0,-10,0.1248215,255,0
2.353394,-0.9048271,1.256645,-0.1670923,-0.9563525,1.300909,-0.1040211,-0.1324431,-0.009740842,-0.02590949,-0.1478763,-0.0140964,-0.04034326,0,0,0,0,-10,0.1237346,255,0
2.387802,-0.9167962,1.255375,-0.1693345,-0.9678721,1.299233,-0.1076925,-0.2213124,-0.01782237,-0.04289052,-0.2262965,-0.02513768,-0.06533711,0,0,0,0,-10,0.1221593,255,0
2.432144,-0.9254833,1.254143,-0.1709929,-0.9756972,1.297786,-0.1104451,-0.3228009,-0.03423676,-0.06047132,-0.3106787,-0.04520319,-0.0990146,0,0,0,0,-10,0.1199595,255,0
2.462311,-0.9366664,1.252167,-0.1732994,-0.9859023,1.295472,-0.114403,-0.2376128,-0.03371505,-0.0453588,-0.2140351,-0.03957768,-0.0752915,0,0,0,0,-10,0.1184856,255,0
2.480377,-0.9437856,1.250781,-0.1749414,-0.9928293,1.293745,-0.1172836,-0.7136228,-0.1260422,-0.1471899,-0.6512179,-0.147692,-0.2525636,0,0,0,0,-10,0.116596,255,0
2.504562,-0.9474416,1.250061,-0.1758294,-0.9966078,1.292709,-0.118926,-0.4207091,-0.08192206,-0.0970328,-0.4093497,-0.1020415,-0.1702266,0,0,0,0,-10,0.1153314,255,0
2.526215,-0.9556315,1.248389,-0.1779423,-1.003444,1.290591,-0.1221066,-0.1488184,-0.02930901,-0.03614616,-0.1538043,-0.04218265,-0.06685753,0,0,0,0,-10,0.114676,255,0
2.549911,-0.9600714,1.247441,-0.1791466,-1.007173,1.289355,-0.123906,-0.3729912,-0.07613251,-0.09622568,-0.311349,-0.09644827,-0.1448516,0,0,0,0,-10,0.1131817,255,0
2.571869,-0.9651904,1.246348,-0.1805329,-1.011552,1.287902,-0.1260564,-0.191937,-0.04102078,-0.05206444,-0.1611766,-0.05340431,-0.07778745,0,0,0,0,-10,0.1123704,255,0
2.592621,-0.971665,1.245024,-0.1822164,-1.01649,1.28613,-0.1285983,-0.229936,-0.04908114,-0.06226975,-0.1967154,-0.0653005,-0.09659334,0,0,0,0,-10,0.1114956,255,0
2.614182,-0.9759592,1.244126,-0.183386,-1.019504,1.284901,-0.1302719,-0.3039516,-0.06216982,-0.07903161,-0.2318119,-0.08315612,-0.1193309,0,0,0,0,-10,0.1105627,255,0
2.63649,-0.9795686,1.243333,-0.1843278,-1.022013,1.283785,-0.1317393,-0.2014501,-0.04211592,-0.05486646,-0.1414023,-0.05765144,-0.07850808,0,0,0,0,-10,0.1099509,255,0
2.658691,-0.9835019,1.2424,-0.1853116,-1.024401,1.282647,-0.1332945,-0.1638136,-0.03597321,-0.04274693,-0.113871,-0.0506514,-0.06659832,0,0,0,0,-10,0.1095078,255,0
2.682266,-0.9869108,1.241525,-0.1861494,-1.026291,1.281605,-0.1348308,-0.1770395,-0.04201902,-0.04427799,-0.107497,-0.05122124,-0.07000129,0,0,0,0,-10,0.109091,255,0
2.704086,-0.9909261,1.240445,-0.1872216,-1.028017,1.280436,-0.1367567,-0.1444151,-0.03705256,-0.03549208,-0.08006929,-0.04417825,-0.06508565,0,0,0,0,-10,0.1087622,255,0
2.72554,-0.9936323,1.239721,-0.1880702,-1.0291,1.279598,-0.1383966,-0.1845361,-0.04963074,-0.04928011,-0.07930838,-0.05370135,-0.08850971,0,0,0,0,-10,0.1083221,255,0
2.748398,-0.9960101,1.239087,-0.1889693,-1.02972,1.278948,-0.1399581,-0.1245446,-0.03331285,-0.03905153,-0.04984858,-0.03859068,-0.07547237,0,0,0,0,-10,0.1079338,255,0
2.771072,-0.998104,1.238593,-0.1899666,-1.029893,1.27843,-0.1417305,-0.1048642,-0.02796412,-0.03965133,-0.02734901,-0.02864759,-0.06886408,0,0,0,0,-10,0.1074682,255,0
2.792358,-0.9998136,1.238335,-0.1912829,-1.029308,1.278196,-0.1440551,-0.0932906,-0.02200884,-0.04443193,-0.007685035,-0.02308166,-0.07896414,0,0,0,0,-10,0.1069009,255,0
2.814804,-1.000631,1.238412,-0.1925606,-1.028338,1.278321,-0.1459176,-0.07991096,-0.01206424,-0.0615304,0.02732703,-0.01092747,-0.1086645,0,0,0,0,-10,0.1060287,255,0
2.837601,-1.000794,1.238853,-0.1942869,-1.026617,1.278812,-0.14831,-0.03580381,0.003357913,-0.05597218,0.04250397,0.005462484,-0.08158997,0,0,0,0,-10,0.1050802,255,0
2.85968,-1.000014,1.239691,-0.1964979,-1.024205,1.27964,-0.1510712,-0.00728671,0.01967199,-0.07691409,0.07667509,0.02186544,-0.1065867,0,0,0,0,-10,0.1036703,255,0
2.884415,-0.9986321,1.240555,-0.1985607,-1.021767,1.280624,-0.1535958,0.03470573,0.03722333,-0.09830288,0.1072337,0.03683111,-0.122766,0,0,0,0,-10,0.1016998,255,0
2.903976,-0.9961889,1.241738,-0.2011927,-1.018564,1.282149,-0.1566911,0.05635015,0.03524619,-0.08412415,0.09940884,0.04012232,-0.1029578,0,0,0,0,-10,0.09971989,255,0
2.925232,-0.9942746,1.24256,-0.2029274,-1.016361,1.283283,-0.1587597,0.1287116,0.06233044,-0.1386593,0.1687852,0.08032933,-0.163064,0,0,0,0,-10,0.09704176,255,0
2.953751,-0.9914193,1.243706,-0.2052697,-1.013447,1.284909,-0.1613262,0.08779358,0.03770666,-0.07955191,0.1009939,0.05203595,-0.09487076,0,0,0,0,-10,0.09521116,255,0
2.97438,-0.9882208,1.244947,-0.2076477,-1.010429,1.286757,-0.1637258,0.0901354,0.03617985,-0.07394403,0.09200385,0.05131939,-0.08102082,0,0,0,0,-10,0.09268193,255,0
2.992691,-0.983263,1.246806,-0.2109989,-1.005931,1.289606,-0.1672953,0.1833955,0.07112587,-0.1363462,0.173037,0.105978,-0.1375834,0,0,0,0,-10,0.09006402,255,0
3.014374,-0.9785157,1.248548,-0.2141352,-1.001867,1.292603,-0.1710041,0.2779385,0.1042558,-0.1878743,0.252172,0.1597118,-0.2001109,0,0,0,0,-10,0.08630252,255,0
3.039749,-0.9745935,1.250144,-0.2168598,-0.9987289,1.295225,-0.1741828,0.2168064,0.07954051,-0.1432328,0.1855945,0.1368521,-0.1693815,0,0,0,0,-10,0.08276938,255,0
3.05983,-0.9713952,1.251597,-0.2192097,-0.9958169,1.297997,-0.1772854,0.1540125,0.06268255,-0.1069877,0.1232306,0.1029761,-0.1248151,0,0,0,0,-10,0.07979245,255,0
3.082245,-0.9667709,1.254005,-0.2228061,-0.9918593,1.301997,-0.1817085,0.1604942,0.07287878,-0.1179173,0.1461255,0.1390816,-0.1556937,0,0,0,0,-10,0.07730699,255,0
3.104599,-0.9625022,1.256532,-0.2263786,-0.9881349,1.30589,-0.1860965,0.2054635,0.1069862,-0.1597934,0.1758395,0.177733,-0.1965201,0,0,0,0,-10,0.07365365,255,0
3.124893,-0.9590601,1.25872,-0.2294289,-0.9850413,1.30921,-0.1899877,0.190698,0.1128898,-0.1595944,0.1663817,0.173904,-0.1960314,0,0,0,0,-10,0.07018395,255,0
3.147476,-0.9563795,1.26053,-0.2319014,-0.9824036,1.312132,-0.1934299,0.1667273,0.1060029,-0.1477504,0.1498464,0.1608463,-0.1884758,0,0,0,0,-10,0.06731467,255,0
3.171448,-0.9522216,1.263481,-0.2359838,-0.9786415,1.316297,-0.1987461,0.119586,0.08076285,-0.1103057,0.1176741,0.1303342,-0.1535696,0,0,0,0,-10,0.06505573,255,0
3.192535,-0.9489266,1.266015,-0.2394544,-0.9754938,1.319966,-0.2034839,0.1749012,0.1241275,-0.1717246,0.1582533,0.1752146,-0.2236215,0,0,0,0,-10,0.06144389,255,0
3.214218,-0.9453816,1.268992,-0.2434641,-0.9723657,1.323847,-0.2084886,0.1564765,0.1203408,-0.1648154,0.1494792,0.1742471,-0.2249943,0,0,0,0,-10,0.05852334,255,0
3.237793,-0.9421674,1.271995,-0.2474339,-0.9692887,1.328068,-0.2140566,0.1630373,0.1368915,-0.1844079,0.1438624,0.1784814,-0.2301672,0,0,0,0,-10,0.05535471,255,0
3.258621,-0.939468,1.275043,-0.2512701,-0.9670541,1.331977,-0.2193038,0.1338275,0.1250248,-0.1652885,0.1281171,0.1757465,-0.2318312,0,0,0,0,-10,0.05248334,255,0
3.281113,-0.9378713,1.277367,-0.2540083,-0.9657733,1.334831,-0.222908,0.1319211,0.1489735,-0.1874767,0.109209,0.1910305,-0.2564405,0,0,0,0,-10,0.05010591,255,0
3.303864,-0.9364527,1.280135,-0.2570652,-0.9645144,1.337916,-0.2266647,0.0709428,0.1032786,-0.1216631,0.05690413,0.1267903,-0.1601377,0,0,0,0,-10,0.04875829,255,0
3.32399,-0.9354727,1.282749,-0.2597598,-0.9631305,1.341208,-0.2306019,0.06260785,0.1221223,-0.1349064,0.05556082,0.1361532,-0.1657881,0,0,0,0,-10,0.04768591,255,0
3.351135,-0.9347269,1.285156,-0.2621281,-0.9618558,1.34404,-0.2338351,0.04883852,0.1303054,-0.1342918,0.06896685,0.1640625,-0.1962215,0,0,0,0,-10,0.04716348,255,0
3.371536,-0.9337324,1.288485,-0.2652657,-0.9595129,1.34797,-0.238347,0.02688609,0.08677977,-0.08537456,0.04595323,0.1020997,-0.1165515,0,0,0,0,-10,0.04700581,255,0
3.391205,-0.9330416,1.290312,-0.2669702,-0.9579457,1.3503,-0.2408901,0.05144103,0.1721895,-0.1622928,0.1211862,0.2032607,-0.2333792,0,0,0,0,-10,0.04716753,255,0
3.413986,-0.9321237,1.292324,-0.2688453,-0.9559748,1.352926,-0.243683,0.03450719,0.09123714,-0.08513958,0.0782828,0.1164134,-0.1270335,0,0,0,0,-10,0.04733032,255,0
3.438126,-0.9311219,1.294062,-0.2704748,-0.9540141,1.355281,-0.2461806,0.03997093,0.08762459,-0.0816549,0.0858233,0.1143221,-0.121618,0,0,0,0,-10,0.04753914,255,0
3.460068,-0.9300851,1.295501,-0.2719404,-0.9519379,1.357404,-0.2486295,0.0419211,0.07271212,-0.06819225,0.08205619,0.09856422,-0.1045209,0,0,0,0,-10,0.04769624,255,0
3.480621,-0.9290496,1.296524,-0.2731987,-0.9499475,1.358913,-0.2508424,0.03715316,0.05159069,-0.05251333,0.07439175,0.07608324,-0.0877486,0,0,0,0,-10,0.0477381,255,0
3.502747,-0.9277807,1.29721,-0.2745793,-0.9477206,1.360176,-0.2532409,0.06732468,0.06649151,-0.08181424,0.12941,0.09812128,-0.1438725,0,0,0,0,-10,0.04757666,255,0
3.526596,-0.9266859,1.297459,-0.2756535,-0.9455823,1.360896,-0.2553812,0.05794588,0.03133166,-0.06304987,0.1017013,0.05768184,-0.1095411,0,0,0,0,-10,0.04702594,255,0
3.549149,-0.9255236,1.297305,-0.2766997,-0.9436699,1.361175,-0.2571585,0.0456425,0.01037194,-0.04478272,0.08914301,0.03001252,-0.0892275,0,0,0,0,-10,0.04633841,255,0
3.571121,-0.924464,1.296809,-0.2775469,-0.9417983,1.361058,-0.2586701,0.05246266,-0.00696776,-0.04721935,0.08631682,0.01259039,-0.08021802,0,0,0,0,-10,0.04531646,255,0
3.593979,-0.9234622,1.296075,-0.2782824,-0.9399621,1.360431,-0.2601283,0.04752738,-0.02223434,-0.03800372,0.08395363,-0.005245765,-0.06780458,0,0,0,0,-10,0.04413701,255,0
3.618347,-0.922356,1.295017,-0.2791641,-0.9381167,1.359352,-0.261845,0.04391984,-0.03216451,-0.03224289,0.08049488,-0.02749268,-0.06392401,0,0,0,0,-10,0.04282892,255,0
3.641571,-0.9211032,1.293556,-0.2803817,-0.9361652,1.357401,-0.2639148,0.04579418,-0.04380034,-0.03650111,0.07639766,-0.04469362,-0.07107006,0,0,0,0,-10,0.04116975,255,0
3.663483,-0.9200085,1.292013,-0.281656,-0.9342831,1.355079,-0.2658585,0.05503048,-0.06419655,-0.05348316,0.0857202,-0.08568616,-0.09091718,0,0,0,0,-10,0.03903122,255,0
3.68631,-0.9189897,1.290487,-0.2829376,-0.9325004,1.352736,-0.2675354,0.0487379,-0.06868844,-0.05673616,0.0837933,-0.103367,-0.08653723,0,0,0,0,-10,0.03691122,255,0
3.708405,-0.9177209,1.288644,-0.2845365,-0.9303272,1.349671,-0.2694547,0.04551434,-0.06817698,-0.05725439,0.07964011,-0.1046673,-0.07491107,0,0,0,0,-10,0.03486373,255,0
3.7332,-0.916235,1.286596,-0.2864314,-0.9282474,1.346073,-0.2714688,0.05718868,-0.083079,-0.07206413,0.09795177,-0.1381534,-0.08650705,0,0,0,0,-10,0.03239667,255,0
3.753998,-0.9149768,1.284785,-0.2882707,-0.9268108,1.342538,-0.2733845,0.06003632,-0.08271521,-0.07656442,0.08403495,-0.1453934,-0.0813786,0,0,0,0,-10,0.02966242,255,0
3.778656,-0.9139342,1.283073,-0.2902583,-0.9257557,1.33933,-0.2751118,0.06000955,-0.086381,-0.08772857,0.06852143,-0.1685999,-0.09137611,0,0,0,0,-10,0.02734339,255,0
3.799454,-0.9129843,1.281442,-0.2925327,-0.9244882,1.335785,-0.2770023,0.0423896,-0.06961461,-0.08080509,0.04289605,-0.130428,-0.07022284,0,0,0,0,-10,0.02534234,255,0
3.821182,-0.9123297,1.280463,-0.2941642,-0.9234167,1.333422,-0.2782426,0.04514141,-0.07749615,-0.108089,0.06023386,-0.1684531,-0.08984658,0,0,0,0,-10,0.02366642,255,0
3.842865,-0.9114418,1.279436,-0.2960542,-0.9219596,1.33082,-0.2795168,0.03060082,-0.04579395,-0.07626382,0.05009027,-0.1104449,-0.057978,0,0,0,0,-10,0.02279669,255,0
3.864288,-0.9104514,1.278553,-0.2976886,-0.9206315,1.328615,-0.2805277,0.04091948,-0.04732002,-0.08710773,0.06715344,-0.1199345,-0.05872011,0,0,0,0,-10,0.02199853,255,0
3.885666,-0.9094077,1.277674,-0.2991351,-0.9194172,1.326554,-0.2813348,0.04538899,-0.04047749,-0.07490166,0.06086374,-0.1010763,-0.0463314,0,0,0,0,-10,0.02138127,255,0
3.908859,-0.9082611,1.276646,-0.3004892,-0.9183782,1.324504,-0.2819679,0.04967491,-0.04184255,-0.06884304,0.05779378,-0.09807893,-0.03841004,0,0,0,0,-10,0.02084015,255,0
3.931641,-0.9071561,1.275476,-0.3017316,-0.9178072,1.322446,-0.2825996,0.04933981,-0.0442127,-0.05826801,0.04470771,-0.08822021,-0.02724372,0,0,0,0,-10,0.02026927,255,0
3.953644,-0.9062647,1.274094,-0.3030826,-0.9180726,1.320576,-0.2832575,0.0478929,-0.05071925,-0.05385045,0.02474992,-0.08918754,-0.02737992,0,0,0,0,-10,0.01973836,255,0
3.983765,-0.9060516,1.27313,-0.3040712,-0.918786,1.319363,-0.2836571,0.03586364,-0.05559392,-0.05435179,-0.01067564,-0.07522349,-0.0264685,0,0,0,0,-10,0.01943288,255,0
3.999359,-0.9064906,1.272019,-0.3052889,-0.920067,1.318404,-0.2838693,0.007863088,-0.03556535,-0.03648033,-0.0263276,-0.04478111,-0.01474521,0,0,0,0,-10,0.01953217,255,0
4.020874,-0.9071449,1.271468,-0.305969,-0.9211973,1.318214,-0.2837673,-0.02779665,-0.07035024,-0.07710598,-0.08110658,-0.06071105,-0.01343976,0,0,0,0,-10,0.02004176,255,0
4.043991,-0.9078668,1.271171,-0.3063769,-0.9221727,1.318441,-0.2833819,-0.0299461,-0.02523241,-0.03112452,-0.05173054,-0.008701772,0.004667314,0,0,0,0,-10,0.02052279,255,0
4.06636,-0.9086187,1.270941,-0.3065811,-0.9229127,1.318848,-0.2827342,-0.03143688,-0.01291009,-0.0177637,-0.0424756,0.009909676,0.0167826,0,0,0,0,-10,0.02093459,255,0
4.086243,-0.9094406,1.270495,-0.3064698,-0.9235389,1.319461,-0.2818022,-0.03395826,-0.01040231,-0.009223165,-0.03341984,0.01834941,0.02925515,0,0,0,0,-10,0.02122185,255,0
4.108871,-0.9100468,1.269818,-0.306059,-0.9240602,1.320217,-0.2808968,-0.04208374,-0.02285156,0.005700684,-0.03206177,0.03143311,0.04772034,0,0,0,0,-10,0.02116894,255,0
4.131546,-0.9105167,1.26904,-0.3055451,-0.9245946,1.320998,-0.2800835,-0.02687859,-0.03002897,0.01821507,-0.02311771,0.03348592,0.0401461,0,0,0,0,-10,0.02069295,255,0
4.152832,-0.9111668,1.267991,-0.3048509,-0.9252271,1.321961,-0.279209,-0.02029859,-0.03361383,0.02220151,-0.0230873,0.03376833,0.03513307,0,0,0,0,-10,0.02004152,255,0
4.175461,-0.911769,1.267631,-0.3046727,-0.9256939,1.322691,-0.2787738,-0.03103093,-0.05006145,0.03313342,-0.0301888,0.04597028,0.04174538,0,0,0,0,-10,0.01916863,255,0
4.197632,-0.9123773,1.267273,-0.3046161,-0.9262141,1.323515,-0.2785673,-0.0265247,-0.01584551,0.007849253,-0.02056032,0.03211631,0.01916635,0,0,0,0,-10,0.01903809,255,0
4.218765,-0.91307,1.266826,-0.3045816,-0.9268092,1.324353,-0.2784522,-0.02719187,-0.01601403,0.002531335,-0.02325365,0.03686157,0.009232712,0,0,0,0,-10,0.01900974,255,0
4.242432,-0.9137985,1.266362,-0.3045568,-0.9273835,1.325056,-0.2783319,-0.03330773,-0.02150014,0.001656502,-0.02861335,0.04027192,0.005531227,0,0,0,0,-10,0.01898315,255,0
4.263641,-0.914699,1.265783,-0.3044839,-0.9281307,1.32586,-0.2781644,-0.03085862,-0.01962973,0.00105042,-0.02432884,0.02979557,0.005098073,0,0,0,0,-10,0.01896846,255,0
4.286499,-0.9155697,1.265233,-0.3043909,-0.9288902,1.326572,-0.2780018,-0.04188476,-0.0269473,0.003393364,-0.03475703,0.03737136,0.007787549,0,0,0,0,-10,0.018914,255,0
4.30835,-0.9165795,1.26461,-0.3042563,-0.9296087,1.327253,-0.2778651,-0.03812051,-0.02406375,0.004070641,-0.03324879,0.03117694,0.007121013,0,0,0,0,-10,0.01884973,255,0
4.330841,-0.9174008,1.264086,-0.3041495,-0.9301237,1.327823,-0.2779074,-0.04660266,-0.02877421,0.006211488,-0.03315911,0.03143156,0.006310519,0,0,0,0,-10,0.01876237,255,0
4.353165,-0.9181342,1.263589,-0.3041381,-0.9303908,1.328237,-0.2781917,-0.03602692,-0.02298778,0.004685408,-0.02259036,0.02500105,-0.001858998,0,0,0,0,-10,0.01868632,255,0
4.375107,-0.9187335,1.263149,-0.3041961,-0.9305873,1.328474,-0.2785133,-0.03331005,-0.02257666,0.0005197505,-0.01213022,0.01883554,-0.01290984,0,0,0,0,-10,0.01867171,255,0
4.398468,-0.9192913,1.26275,-0.3043087,-0.9308159,1.328582,-0.2788708,-0.02739006,-0.02008695,-0.002653199,-0.008981106,0.01081437,-0.01469883,0,0,0,0,-10,0.01869751,255,0
4.420944,-0.9198433,1.262341,-0.3044094,-0.9311963,1.328517,-0.2791874,-0.02332782,-0.0167019,-0.004706446,-0.00956246,0.004502034,-0.01494945,0,0,0,0,-10,0.01877391,255,0
4.442902,-0.9204447,1.261908,-0.3044857,-0.931681,1.328296,-0.2793685,-0.0246429,-0.01824336,-0.004496977,-0.01698208,-0.002900417,-0.01413488,0,0,0,0,-10,0.01883522,255,0
4.463989,-0.921167,1.261402,-0.3045436,-0.9324003,1.32784,-0.2795945,-0.02779553,-0.01999956,-0.003526093,-0.02240171,-0.01018159,-0.008371716,0,0,0,0,-10,0.01888205,255,0
4.490646,-0.9216988,1.261047,-0.3045896,-0.932947,1.327399,-0.2796937,-0.02993803,-0.0209964,-0.002401565,-0.02981697,-0.01893086,-0.009369071,0,0,0,0,-10,0.01891841,255,0
4.510468,-0.9228024,1.260288,-0.3046181,-0.9342291,1.326443,-0.2792591,-0.01908843,-0.01274558,-0.001651492,-0.01961896,-0.01582609,-0.003557554,0,0,0,0,-10,0.01895712,255,0
4.530487,-0.9236146,1.259802,-0.3044047,-0.9355967,1.325694,-0.2780577,-0.07125924,-0.04896859,-0.001839594,-0.08278556,-0.06173799,0.02805573,0,0,0,0,-10,0.01897401,255,0
4.551575,-0.9242705,1.259424,-0.3040626,-0.936879,1.325052,-0.2767127,-0.040415,-0.0241968,0.01061836,-0.06805239,-0.03723543,0.05978609,0,0,0,0,-10,0.01883319,255,0
4.576508,-0.9250898,1.258967,-0.3035084,-0.9382642,1.324364,-0.2751739,-0.03090178,-0.01779857,0.01611925,-0.06041629,-0.03025027,0.06337055,0,0,0,0,-10,0.01859288,255,0
4.596649,-0.9263254,1.258127,-0.3025436,-0.9399207,1.32334,-0.2733155,-0.03296213,-0.01838263,0.02229608,-0.05572581,-0.02769625,0.06190531,0,0,0,0,-10,0.01820638,255,0
4.6194,-0.927151,1.257511,-0.3019086,-0.9409531,1.322513,-0.2721113,-0.06034021,-0.04104182,0.04711368,-0.08089314,-0.05001281,0.09075482,0,0,0,0,-10,0.01746376,255,0
4.643173,-0.9285764,1.256296,-0.3008655,-0.9424291,1.320877,-0.2703483,-0.03741734,-0.02792726,0.0287809,-0.04679396,-0.03747407,0.05457674,0,0,0,0,-10,0.01695858,255,0
4.664902,-0.9296072,1.255339,-0.3002297,-0.943395,1.319236,-0.2692182,-0.05991922,-0.05104935,0.04384822,-0.06204648,-0.06875902,0.07411351,0,0,0,0,-10,0.01606383,255,0
4.687973,-0.9302185,1.254786,-0.2999977,-0.9439338,1.317891,-0.2686847,-0.0468452,-0.04351595,0.02889867,-0.04389791,-0.07457091,0.05135825,0,0,0,0,-10,0.01547017,255,0
4.708572,-0.9304385,1.254591,-0.2999516,-0.9444416,1.316327,-0.2682067,-0.02689021,-0.0242974,0.01020344,-0.02369704,-0.05919148,0.02346634,0,0,0,0,-10,0.01523315,255,0
4.730652,-0.9311746,1.253954,-0.2996914,-0.9451849,1.314003,-0.2673789,-0.01049343,-0.009336336,0.002200464,-0.02421932,-0.07459971,0.02280067,0,0,0,0,-10,0.0151763,255,0
4.754715,-0.9316893,1.253534,-0.299567,-0.9457027,1.31211,-0.2668386,-0.03301998,-0.02856028,0.01166795,-0.03334349,-0.1042094,0.0371321,0,0,0,0,-10,0.01492314,255,0
4.774353,-0.9319508,1.253299,-0.2995303,-0.9461744,1.310135,-0.2663766,-0.02166125,-0.01767722,0.005238439,-0.02179421,-0.07968549,0.02274005,0,0,0,0,-10,0.01480209,255,0
4.796371,-0.9323651,1.252967,-0.2993633,-0.9465039,1.308602,-0.2660065,-0.01172409,-0.01055382,0.001645862,-0.02114505,-0.08855058,0.02070954,0,0,0,0,-10,0.0147464,255,0
4.818665,-0.9329484,1.252463,-0.2991688,-0.9469298,1.306688,-0.2654384,-0.02079046,-0.01662399,0.00838079,-0.01653726,-0.07694057,0.01857114,0,0,0,0,-10,0.01460731,255,0
4.840927,-0.9334584,1.252052,-0.2989936,-0.9473194,1.305107,-0.2647187,-0.02623649,-0.02268145,0.008745496,-0.01915323,-0.08608227,0.02555551,0,0,0,0,-10,0.0144187,255,0
4.862549,-0.9339412,1.251608,-0.2987077,-0.9478518,1.303584,-0.2637233,-0.02345395,-0.01889254,0.00805921,-0.01791941,-0.0727193,0.03309759,0,0,0,0,-10,0.01426908,255,0
4.886414,-0.934451,1.251091,-0.2983322,-0.9485592,1.302177,-0.2628627,-0.02212631,-0.02035621,0.01310096,-0.02440177,-0.0697771,0.04562118,0,0,0,0,-10,0.01401417,255,0
4.908463,-0.9352351,1.250352,-0.297883,-0.9494669,1.300662,-0.2621398,-0.02138934,-0.02167694,0.01575504,-0.0296795,-0.0590539,0.03610655,0,0,0,0,-10,0.01366942,255,0
4.92865,-0.9359806,1.249697,-0.2976211,-0.9501811,1.299435,-0.2617569,-0.03588458,-0.03385235,0.02055691,-0.04153937,-0.06932503,0.0330831,0,0,0,0,-10,0.01326343,255,0
4.950638,-0.9365301,1.249178,-0.2975047,-0.9507329,1.298427,-0.2615243,-0.0369837,-0.03245647,0.01299323,-0.03543125,-0.06087363,0.01899603,0,0,0,0,-10,0.01301935,255,0
4.978241,-0.936946,1.248815,-0.2973127,-0.9514332,1.297324,-0.2610732,-0.02478439,-0.0234375,0.00525314,-0.02489193,-0.04545015,0.01049284,0,0,0,0,-10,0.01286685,255,0
4.999527,-0.9383667,1.247468,-0.2963492,-0.9529846,1.29606,-0.2597659,-0.01437096,-0.01254448,0.006630535,-0.02419116,-0.03810292,0.01558176,0,0,0,0,-10,0.01270458,255,0
5.023376,-0.9389695,1.246875,-0.2958674,-0.9538251,1.295604,-0.2591287,-0.06528861,-0.06187544,0.04428362,-0.07129865,-0.05810615,0.06008119,0,0,0,0,-10,0.01190673,255,0
5.044418,-0.9400658,1.245809,-0.2950131,-0.9553392,1.294845,-0.2580853,-0.02719051,-0.02678187,0.02172768,-0.03790918,-0.02055553,0.02873903,0,0,0,0,-10,0.0115222,255,0
5.062393,-0.9419593,1.244082,-0.2938293,-0.9576329,1.293777,-0.2568959,-0.05161469,-0.05015827,0.04022427,-0.07128625,-0.03573994,0.04912839,0,0,0,0,-10,0.01087037,255,0
5.08551,-0.9426528,1.243479,-0.2934942,-0.9584576,1.293447,-0.2566003,-0.1032394,-0.09414648,0.06454087,-0.1250585,-0.05821677,0.06484635,0,0,0,0,-10,0.010049,255,0
5.107162,-0.9441375,1.242231,-0.292908,-0.9601731,1.292854,-0.2561526,-0.0311937,-0.02712659,0.01507271,-0.03709463,-0.01484214,0.01329519,0,0,0,0,-10,0.009834617,255,0
5.128937,-0.9455456,1.241046,-0.2924525,-0.9617814,1.292338,-0.2559228,-0.06818281,-0.05733182,0.02692493,-0.07878471,-0.02725342,0.02056324,0,0,0,0,-10,0.009487164,255,0
5.151154,-0.9470099,1.23978,-0.2921679,-0.9634647,1.291689,-0.2561001,-0.06484979,-0.05456123,0.02097791,-0.07407326,-0.02377789,0.01058229,0,0,0,0,-10,0.009220843,255,0
5.174118,-0.9474815,1.239252,-0.2922382,-0.9648765,1.290965,-0.2567075,-0.06655253,-0.05753186,0.01293234,-0.07650236,-0.02947295,-0.008056302,0,0,0,0,-10,0.00900094,255,0
5.196259,-0.947881,1.239035,-0.2922125,-0.9659753,1.290335,-0.2573142,-0.02009509,-0.02250285,-0.002996993,-0.06015828,-0.03086395,-0.02588589,0,0,0,0,-10,0.008894872,255,0
5.217926,-0.94895,1.238154,-0.2920163,-0.96727,1.289637,-0.2579611,-0.01812998,-0.009868421,0.001168629,-0.04986961,-0.02857189,-0.02753311,0,0,0,0,-10,0.008950059,255,0
5.240158,-0.949425,1.237868,-0.2919661,-0.9685048,1.289006,-0.2584178,-0.04933704,-0.040636,0.009055898,-0.05975187,-0.03222381,-0.0298553,0,0,0,0,-10,0.008834549,255,0
5.261841,-0.9506143,1.236742,-0.2913792,-0.9699516,1.288362,-0.2586512,-0.02150056,-0.0129435,0.002271452,-0.05588797,-0.02857389,-0.02066967,0,0,0,0,-10,0.008876224,255,0
5.284439,-0.9517801,1.235348,-0.2906725,-0.9712002,1.287709,-0.2588599,-0.05504337,-0.05214402,0.02716168,-0.06695798,-0.02977688,-0.01080288,0,0,0,0,-10,0.008546294,255,0
5.307419,-0.9526927,1.234381,-0.290378,-0.9722526,1.286938,-0.2592551,-0.05093229,-0.06090625,0.030875,-0.05455469,-0.02854688,-0.009117188,0,0,0,0,-10,0.008008447,255,0
5.328232,-0.952724,1.234258,-0.2904232,-0.9732652,1.286033,-0.2597281,-0.04046854,-0.04286303,0.01306136,-0.04666357,-0.03418894,-0.01752262,0,0,0,0,-10,0.007756287,255,0
5.350296,-0.952679,1.233918,-0.2904403,-0.9743439,1.284989,-0.2601671,-0.001520709,-0.005984166,-0.002199805,-0.04930407,-0.04405995,-0.02303411,0,0,0,0,-10,0.007685929,255,0
5.373398,-0.9544617,1.233281,-0.2904013,-0.9752619,1.283914,-0.2606103,0.001979377,-0.01499496,-0.0007560484,-0.04750767,-0.04597194,-0.01933174,0,0,0,0,-10,0.007395755,255,0
5.395325,-0.9559376,1.231774,-0.2901299,-0.9761381,1.28251,-0.2613738,-0.07665887,-0.02738989,0.001676304,-0.03947517,-0.04622396,-0.01905963,0,0,0,0,-10,0.007974003,255,0
5.42778,-0.9565423,1.230927,-0.2900311,-0.9766797,1.28123,-0.2621542,-0.06898905,-0.07042952,0.01268835,-0.0409599,-0.06564841,-0.0356912,0,0,0,0,-10,0.007663666,255,0
5.44368,-0.9582697,1.230285,-0.2899445,-0.9775106,1.279011,-0.263128,-0.01813029,-0.02541028,0.002962746,-0.01623613,-0.0383656,-0.02339461,0,0,0,0,-10,0.007362159,255,0
5.458603,-0.9594296,1.229146,-0.2897543,-0.9783386,1.277146,-0.2635152,-0.1150478,-0.04271469,0.005764101,-0.05534251,-0.1477865,-0.06485804,0,0,0,0,-10,0.007918612,255,0
5.48056,-0.9599005,1.228495,-0.2896233,-0.9788125,1.276221,-0.2635828,-0.07984835,-0.07842863,0.01309743,-0.0569976,-0.1284057,-0.02665441,0,0,0,0,-10,0.007733876,255,0
5.504517,-0.9608155,1.226896,-0.289278,-0.9797466,1.274452,-0.2635832,-0.02073883,-0.02866158,0.005770119,-0.02087009,-0.04073736,-0.00297694,0,0,0,0,-10,0.007511461,255,0
5.526184,-0.9614954,1.226789,-0.2892275,-0.980723,1.272453,-0.2634696,-0.03819666,-0.0667695,0.01441083,-0.03899283,-0.07384057,-1.990446E-05,0,0,0,0,-10,0.006825371,255,0
5.547043,-0.9625799,1.226129,-0.2888378,-0.9818019,1.270589,-0.2630405,-0.03060075,-0.004775498,0.002275069,-0.04395068,-0.08999399,0.005116221,0,0,0,0,-10,0.00716866,255,0
5.572189,-0.9634014,1.225052,-0.2882644,-0.9828193,1.269039,-0.2624852,-0.0528826,-0.03219169,0.01900228,-0.05260649,-0.09089588,0.02092343,0,0,0,0,-10,0.00734655,255,0
5.592239,-0.9645023,1.22385,-0.2877992,-0.984378,1.26659,-0.2616969,-0.03247276,-0.04256352,0.02266473,-0.04021458,-0.06124189,0.02194851,0,0,0,0,-10,0.007083244,255,0
5.614471,-0.9652812,1.223204,-0.2877131,-0.985442,1.265026,-0.2611447,-0.05601587,-0.06117163,0.02366799,-0.07931083,-0.1246361,0.04010882,0,0,0,0,-10,0.006929638,255,0
5.637695,-0.9655087,1.222844,-0.2877549,-0.9867733,1.263086,-0.2604263,-0.03463153,-0.028743,0.003832047,-0.04730697,-0.06951747,0.02455319,0,0,0,0,-10,0.006940707,255,0
5.659058,-0.9665319,1.222239,-0.2875117,-0.9884211,1.26102,-0.2594831,-0.009924267,-0.01571342,-0.001825691,-0.05808662,-0.08464235,0.03134362,0,0,0,0,-10,0.006800455,255,0
5.681061,-0.9678262,1.220992,-0.2869487,-0.9897282,1.259417,-0.2587916,-0.04810236,-0.02842539,0.01143293,-0.07746929,-0.09715746,0.04434462,0,0,0,0,-10,0.007034186,255,0
5.705872,-0.9691468,1.219882,-0.286683,-0.9908157,1.257846,-0.2583745,-0.05802197,-0.05588983,0.02523833,-0.05859375,-0.07184614,0.03099885,0,0,0,0,-10,0.007063005,255,0
5.727112,-0.9698309,1.219095,-0.2867023,-0.9919739,1.256027,-0.2581531,-0.05329241,-0.04481123,0.01072294,-0.04388518,-0.06338997,0.01683247,0,0,0,0,-10,0.007143692,255,0
5.748474,-0.9699175,1.218728,-0.2866807,-0.9929134,1.254514,-0.2580482,-0.03220411,-0.03705325,-0.0009092134,-0.05453035,-0.08566249,0.01042228,0,0,0,0,-10,0.006981753,255,0
5.772507,-0.9713818,1.218024,-0.286691,-0.993791,1.253171,-0.2580127,-0.00405413,-0.01717634,0.001010045,-0.04397601,-0.07078125,0.004910714,0,0,0,0,-10,0.006779858,255,0
5.791855,-0.9729149,1.21658,-0.2865448,-0.9949993,1.251327,-0.2582236,-0.06058387,-0.02912918,-0.0004241635,-0.03631037,-0.05559501,0.001469776,0,0,0,0,-10,0.007149635,255,0
5.814377,-0.9731381,1.216261,-0.2865665,-0.9957702,1.250055,-0.2585778,-0.080899,-0.0761876,0.007711856,-0.06375805,-0.09726626,-0.01113061,0,0,0,0,-10,0.007096595,255,0
5.844696,-0.9737923,1.216069,-0.2868609,-0.9967076,1.248512,-0.2592062,-0.008674378,-0.01238138,-0.0008433422,-0.02996645,-0.04945136,-0.01376918,0,0,0,0,-10,0.00699699,255,0
5.860291,-0.9762028,1.213922,-0.2863953,-0.9980493,1.246588,-0.2600401,-0.02363346,-0.006964064,-0.01063775,-0.03386422,-0.0557685,-0.02270319,0,0,0,0,-10,0.007149909,255,0
5.882126,-0.9762499,1.213578,-0.2864534,-0.9989016,1.245611,-0.2604166,-0.1652515,-0.1471463,0.03192011,-0.09198075,-0.1318645,-0.05716364,0,0,0,0,-10,0.00725637,255,0
5.906784,-0.9770882,1.213206,-0.2864523,-1.000199,1.244403,-0.260752,-0.002065554,-0.0151073,-0.002546645,-0.03738653,-0.04285894,-0.01651397,0,0,0,0,-10,0.007021599,255,0
5.927185,-0.9789739,1.211225,-0.2859297,-1.002175,1.2428,-0.2612474,-0.03382611,-0.01498999,4.329587E-05,-0.05234471,-0.04876558,-0.01353718,0,0,0,0,-10,0.007266203,255,0
5.949341,-0.978968,1.211051,-0.2860004,-1.003268,1.241912,-0.2616078,-0.09746217,-0.1024004,0.02701104,-0.1021417,-0.0828507,-0.02560319,0,0,0,0,-10,0.007246315,255,0
5.971695,-0.9805681,1.210123,-0.2859488,-1.004544,1.240949,-0.2619854,0.0002588479,-0.007634705,-0.003100945,-0.047947,-0.03894746,-0.01581064,0,0,0,0,-10,0.007093781,255,0
5.99321,-0.9818974,1.208548,-0.2856452,-1.006036,1.239924,-0.2623282,-0.07143541,-0.0414467,0.002304368,-0.05697058,-0.04296875,-0.01685435,0,0,0,0,-10,0.007431651,255,0
6.015228,-0.9821923,1.208544,-0.2857388,-1.007575,1.238939,-0.2626283,-0.06187023,-0.07328658,0.01412686,-0.06943581,-0.0477073,-0.01595792,0,0,0,0,-10,0.007302681,255,0
6.040894,-0.9844002,1.207342,-0.2853261,-1.009286,1.237982,-0.2629202,-0.01338513,-0.0001947715,-0.0042471,-0.0698418,-0.04470005,-0.01362048,0,0,0,0,-10,0.007425675,255,0
6.063156,-0.9862692,1.205217,-0.284578,-1.010906,1.237,-0.2634168,-0.08392999,-0.04569678,0.01568844,-0.06506489,-0.03637978,-0.01109565,0,0,0,0,-10,0.008117356,255,0
6.084839,-0.9881178,1.202202,-0.2838387,-1.012518,1.235786,-0.2641589,-0.08471106,-0.09627312,0.0339082,-0.07340833,-0.04451396,-0.02250821,0,0,0,0,-10,0.008220828,255,0
6.106705,-0.9881595,1.20204,-0.2840149,-1.01384,1.234656,-0.2647756,-0.08604293,-0.1403587,0.03440718,-0.0750233,-0.05649081,-0.03454035,0,0,0,0,-10,0.007902744,255,0
6.127808,-0.9893311,1.201478,-0.2840374,-1.015219,1.233751,-0.2650303,-0.001922865,-0.007460387,-0.008131602,-0.06101453,-0.0521677,-0.02846336,0,0,0,0,-10,0.007715683,255,0
6.149582,-0.9908395,1.200071,-0.2837452,-1.016572,1.232967,-0.2651301,-0.05563859,-0.02672101,-0.001064312,-0.06550045,-0.0429914,-0.01209239,0,0,0,0,-10,0.007978573,255,0
6.173004,-0.9923743,1.198153,-0.2832881,-1.0181,1.232065,-0.2652478,-0.06903587,-0.06435493,0.01337181,-0.06188897,-0.03585457,-0.004569112,0,0,0,0,-10,0.00815692,255,0
6.193253,-0.9931356,1.196733,-0.2831351,-1.019829,1.230793,-0.2655635,-0.06556847,-0.08198032,0.01952616,-0.06530109,-0.03853284,-0.005026687,0,0,0,0,-10,0.008210503,255,0
6.217239,-0.9933203,1.196737,-0.283226,-1.021133,1.229765,-0.2657698,-0.03751175,-0.06992481,0.007542293,-0.08520325,-0.06272321,-0.01556039,0,0,0,0,-10,0.007975386,255,0
6.248291,-0.9963034,1.19521,-0.2831634,-1.022849,1.228481,-0.2659874,-0.007769877,0.0001303755,-0.003826019,-0.05482791,-0.04323452,-0.008674984,0,0,0,0,-10,0.00798972,255,0
6.265549,-0.9999864,1.192202,-0.282855,-1.024813,1.226821,-0.26638,-0.09178587,-0.04696303,0.001925616,-0.0528169,-0.03949164,-0.006695643,0,0,0,0,-10,0.008667971,255,0
6.283676,-1.003108,1.188977,-0.2827761,-1.026322,1.225337,-0.2668579,-0.2334305,-0.1906431,0.01954636,-0.124456,-0.1052043,-0.02488062,0,0,0,0,-10,0.009131466,255,0
6.306992,-1.004406,1.187482,-0.2828462,-1.027199,1.224393,-0.267166,-0.1760435,-0.1819331,0.004450839,-0.08511726,-0.08372553,-0.02695716,0,0,0,0,-10,0.009070937,255,0
6.327652,-1.007069,1.184047,-0.283249,-1.028828,1.222492,-0.2678342,-0.0540621,-0.06224686,-0.00291852,-0.03651128,-0.03931068,-0.01282809,0,0,0,0,-10,0.00890314,255,0
6.35054,-1.007173,1.183087,-0.2833921,-1.029956,1.221015,-0.2683496,-0.133813,-0.1725879,-0.0202442,-0.08187548,-0.09549943,-0.03358357,0,0,0,0,-10,0.008206077,255,0
6.374252,-1.008051,1.183271,-0.2836139,-1.031459,1.219341,-0.268562,-0.004491418,-0.04134157,-0.006159659,-0.0485843,-0.06360874,-0.02219274,0,0,0,0,-10,0.007692903,255,0
6.394424,-1.012187,1.182448,-0.2840863,-1.033666,1.217582,-0.2683004,-0.03643196,0.007629549,-0.009201938,-0.06231705,-0.06944225,-0.008808841,0,0,0,0,-10,0.008042842,255,0
6.418137,-1.014856,1.181299,-0.2841727,-1.035072,1.216535,-0.2681174,-0.2134289,-0.04248277,-0.02437869,-0.1138964,-0.09079725,0.01349963,0,0,0,0,-10,0.009588622,255,0
6.439453,-1.01788,1.179209,-0.2841527,-1.037255,1.214846,-0.2680199,-0.1082196,-0.04659944,-0.003500155,-0.05702738,-0.04242245,0.007423325,0,0,0,0,-10,0.01047721,255,0
6.462479,-1.02014,1.177048,-0.2842211,-1.03883,1.213444,-0.2681195,-0.1429981,-0.09881178,0.000941333,-0.1032141,-0.0798893,0.004610841,0,0,0,0,-10,0.01109739,255,0
6.483902,-1.022072,1.174683,-0.2844914,-1.040535,1.211797,-0.2683836,-0.09784202,-0.09355392,-0.002956779,-0.06818135,-0.0606733,-0.004311324,0,0,0,0,-10,0.01116823,255,0
6.506287,-1.023868,1.171939,-0.2850651,-1.042059,1.210237,-0.2686729,-0.09389489,-0.114991,-0.01314447,-0.08290059,-0.08006653,-0.0128402,0,0,0,0,-10,0.01082539,255,0
6.527573,-1.025483,1.168833,-0.2859702,-1.044037,1.208349,-0.2690299,-0.0793253,-0.1211832,-0.02533272,-0.06730121,-0.06890162,-0.01277691,0,0,0,0,-10,0.01004471,255,0
6.552872,-1.026573,1.16656,-0.286814,-1.045709,1.206836,-0.2694582,-0.07515092,-0.1445645,-0.0421309,-0.09204657,-0.08786288,-0.01661821,0,0,0,0,-10,0.008809812,255,0
6.575073,-1.027682,1.164757,-0.2881073,-1.047871,1.204652,-0.2702566,-0.04243524,-0.08845662,-0.03283662,-0.06509798,-0.05888138,-0.01666651,0,0,0,0,-10,0.007812462,255,0
6.595657,-1.030109,1.164032,-0.2894149,-1.049755,1.202779,-0.2707157,-0.05105557,-0.0829694,-0.05952094,-0.09946673,-0.100542,-0.03674728,0,0,0,0,-10,0.007105344,255,0
6.618179,-1.032303,1.162809,-0.2905648,-1.051838,1.201079,-0.2708212,-0.1186859,-0.03545359,-0.06395172,-0.09215252,-0.09159282,-0.02245219,0,0,0,0,-10,0.008311011,255,0
6.647003,-1.03428,1.16114,-0.2914727,-1.053917,1.199599,-0.2706301,-0.08469063,-0.04720627,-0.04438126,-0.08038409,-0.06563328,-0.004071886,0,0,0,0,-10,0.009199983,255,0
6.661484,-1.035464,1.15983,-0.2919416,-1.05561,1.198436,-0.2703766,-0.0762846,-0.06440021,-0.03504122,-0.08025987,-0.05708922,0.007375405,0,0,0,0,-10,0.009708059,255,0
6.685135,-1.037161,1.157567,-0.2925305,-1.0577,1.196939,-0.2699951,-0.08414961,-0.0931145,-0.03333446,-0.1203227,-0.08272607,0.01802298,0,0,0,0,-10,0.009829859,255,0
6.706711,-1.038753,1.155029,-0.2930429,-1.059774,1.195338,-0.2695889,-0.07005175,-0.09341546,-0.02430337,-0.08625728,-0.0617522,0.01574307,0,0,0,0,-10,0.009779179,255,0
6.727234,-1.040064,1.152748,-0.2934921,-1.061428,1.194016,-0.2693097,-0.07462111,-0.1189758,-0.02401869,-0.0972036,-0.07507935,0.01903948,0,0,0,0,-10,0.009512044,255,0
6.750717,-1.040616,1.151231,-0.293712,-1.062749,1.192874,-0.269188,-0.06628568,-0.1153369,-0.02271412,-0.08366488,-0.06681014,0.01412097,0,0,0,0,-10,0.009237051,255,0
6.77504,-1.042644,1.151149,-0.2943219,-1.06473,1.19114,-0.2690712,-0.02318242,-0.06363536,-0.009227953,-0.05543774,-0.04792533,0.005104133,0,0,0,0,-10,0.008835714,255,0
6.794113,-1.045129,1.150343,-0.2948818,-1.066773,1.189527,-0.2688922,-0.08162335,-0.003301597,-0.02455083,-0.07973741,-0.06981822,0.004702856,0,0,0,0,-10,0.01042139,255,0
6.817551,-1.046638,1.149471,-0.2951173,-1.068104,1.188485,-0.2687173,-0.1357292,-0.04402995,-0.03057943,-0.1115885,-0.08806641,0.009775391,0,0,0,0,-10,0.01187923,255,0
6.840317,-1.049237,1.1472,-0.2954413,-1.070606,1.18645,-0.2684427,-0.06299761,-0.03641023,-0.009827826,-0.05554837,-0.0435211,0.007302448,0,0,0,0,-10,0.01250032,255,0
6.861694,-1.050405,1.145786,-0.2956151,-1.071841,1.185371,-0.268295,-0.1127639,-0.09857202,-0.0140625,-0.1085731,-0.08830194,0.01191536,0,0,0,0,-10,0.01310218,255,0
6.883286,-1.052138,1.143106,-0.2959281,-1.073931,1.183609,-0.2679659,-0.05690472,-0.06882081,-0.008462574,-0.0601667,-0.05252252,0.007194349,0,0,0,0,-10,0.01317055,255,0
6.90654,-1.053405,1.140515,-0.2962347,-1.07582,1.182097,-0.2675908,-0.07896166,-0.1221477,-0.01426678,-0.09524404,-0.08031989,0.0149975,0,0,0,0,-10,0.01298981,255,0
6.927536,-1.054175,1.138608,-0.2964922,-1.077142,1.181016,-0.2673429,-0.05447732,-0.1114255,-0.01318488,-0.08121104,-0.06502215,0.01613251,0,0,0,0,-10,0.01258317,255,0
6.951233,-1.055172,1.135741,-0.2970296,-1.079029,1.179209,-0.267184,-0.0361468,-0.08951356,-0.01208811,-0.06205229,-0.05076446,0.0116376,0,0,0,0,-10,0.01222796,255,0
6.972687,-1.055223,1.134736,-0.2972399,-1.08034,1.177645,-0.2672561,-0.0418634,-0.1203185,-0.02254722,-0.07919534,-0.07577925,0.006667133,0,0,0,0,-10,0.01175834,255,0
6.99498,-1.056301,1.135076,-0.297449,-1.081109,1.176779,-0.267153,-0.002457995,-0.04860598,-0.01017818,-0.06343473,-0.0757074,-0.003493699,0,0,0,0,-10,0.01146718,255,0
7.028503,-1.058319,1.135124,-0.2976876,-1.082677,1.175417,-0.26659,-0.04558972,0.01436492,-0.008840726,-0.03251512,-0.03664314,0.004362399,0,0,0,0,-10,0.01238055,255,0
7.04744,-1.059712,1.134826,-0.297667,-1.083909,1.174455,-0.2658596,-0.05944736,0.001426203,-0.007032655,-0.04620054,-0.04011283,0.01658927,0,0,0,0,-10,0.01376556,255,0
7.065155,-1.061258,1.133889,-0.2974058,-1.08516,1.173501,-0.2650665,-0.07409827,-0.01587231,0.001097047,-0.06555017,-0.05120612,0.03885324,0,0,0,0,-10,0.01447409,255,0
7.08403,-1.061761,1.13338,-0.2972721,-1.085632,1.173093,-0.264738,-0.09176857,-0.05563576,0.0155047,-0.07428244,-0.05662647,0.04708022,0,0,0,0,-10,0.01483926,255,0
7.103745,-1.062335,1.132628,-0.2971138,-1.086147,1.172595,-0.2643926,-0.02723399,-0.02753745,0.007244318,-0.02554236,-0.02207516,0.01779442,0,0,0,0,-10,0.01483059,255,0
7.126068,-1.06297,1.131514,-0.2969793,-1.086697,1.171942,-0.2640375,-0.02825286,-0.03703313,0.007789039,-0.0253613,-0.0245167,0.01699453,0,0,0,0,-10,0.01473005,255,0
7.149231,-1.063702,1.129784,-0.2969927,-1.087397,1.171013,-0.2636827,-0.02900309,-0.0508411,0.006136838,-0.0250914,-0.0298246,0.01620169,0,0,0,0,-10,0.01449542,255,0
7.171921,-1.064247,1.128227,-0.2971884,-1.088037,1.170129,-0.2635005,-0.03165249,-0.07488957,-0.0005779392,-0.03030053,-0.04020806,0.01535925,0,0,0,0,-10,0.01408666,255,0
7.192352,-1.064678,1.126917,-0.2974812,-1.088531,1.169322,-0.2634965,-0.02388661,-0.06819227,-0.00857495,-0.02802264,-0.03869694,0.007982223,0,0,0,0,-10,0.01375961,255,0
7.214859,-1.065114,1.125476,-0.2979584,-1.08892,1.168455,-0.2636288,-0.02138096,-0.06493476,-0.01451399,-0.02452487,-0.04003168,0.0001979718,0,0,0,0,-10,0.01355921,255,0
7.238358,-1.065639,1.123386,-0.2989379,-1.089309,1.167041,-0.2640377,-0.01900661,-0.06280647,-0.02079351,-0.01690804,-0.03777427,-0.005765874,0,0,0,0,-10,0.01344045,255,0
7.259384,-1.06597,1.121472,-0.3000857,-1.089611,1.165509,-0.2645392,-0.02264493,-0.09020401,-0.0422894,-0.01683445,-0.06102808,-0.01765018,0,0,0,0,-10,0.01348462,255,0
7.282852,-1.066682,1.120539,-0.301405,-1.089813,1.164156,-0.2649164,-0.01560255,-0.0901356,-0.05403646,-0.01418261,-0.07215337,-0.02361149,0,0,0,0,-10,0.01376036,255,0
7.304626,-1.067225,1.119862,-0.302652,-1.089972,1.162923,-0.2651438,-0.03065457,-0.04016097,-0.05680745,-0.008700517,-0.05823957,-0.01624353,0,0,0,0,-10,0.01482306,255,0
7.325775,-1.067689,1.119245,-0.3037242,-1.090155,1.161776,-0.2652844,-0.02479761,-0.03089093,-0.05691265,-0.007257573,-0.05630331,-0.01037496,0,0,0,0,-10,0.01587505,255,0
7.347977,-1.068117,1.118679,-0.3046521,-1.09036,1.16055,-0.2654064,-0.02222679,-0.02958242,-0.05136376,-0.008794773,-0.05491022,-0.006738852,0,0,0,0,-10,0.01678921,255,0
7.370728,-1.068503,1.118168,-0.3054336,-1.090514,1.159421,-0.2655402,-0.01888372,-0.02497473,-0.04097877,-0.009033862,-0.05416632,-0.005385571,0,0,0,0,-10,0.01759619,255,0
7.392807,-1.068964,1.117565,-0.3062917,-1.090683,1.158105,-0.2656881,-0.01713147,-0.02265519,-0.03465409,-0.006824045,-0.05004651,-0.005933377,0,0,0,0,-10,0.0182851,255,0
7.420837,-1.069442,1.116954,-0.306991,-1.090953,1.156872,-0.2657001,-0.01831292,-0.02400637,-0.0341228,-0.006726904,-0.05235513,-0.005883078,0,0,0,0,-10,0.01905156,255,0
7.437866,-1.069783,1.116486,-0.307325,-1.091211,1.156073,-0.2655867,-0.01887237,-0.02410109,-0.0276073,-0.01064571,-0.04864928,-0.0004729857,0,0,0,0,-10,0.01968686,255,0
7.459534,-1.070372,1.115694,-0.3075927,-1.091755,1.154982,-0.2651917,-0.02068142,-0.02842882,-0.0202691,-0.01567564,-0.04850261,0.006882957,0,0,0,0,-10,0.0199852,255,0
7.48082,-1.070884,1.114995,-0.3075968,-1.092244,1.154303,-0.2647508,-0.02697277,-0.03624193,-0.0122534,-0.02488871,-0.0499138,0.01807459,0,0,0,0,-10,0.02022719,255,0
7.505051,-1.071463,1.114204,-0.3075247,-1.09283,1.153688,-0.2641846,-0.02344296,-0.03195924,-0.0001854923,-0.02240092,-0.03109179,0.02017775,0,0,0,0,-10,0.02022832,255,0
7.524826,-1.072264,1.113091,-0.3073502,-1.093693,1.15299,-0.2632899,-0.0237455,-0.03247223,0.002957799,-0.02402906,-0.02523174,0.02322239,0,0,0,0,-10,0.02015997,255,0
7.548309,-1.072802,1.112334,-0.3071747,-1.094221,1.152607,-0.2626746,-0.04168944,-0.05797894,0.009091812,-0.04494361,-0.03636725,0.04660796,0,0,0,0,-10,0.01999417,255,0
7.573959,-1.073797,1.110941,-0.3068194,-1.095019,1.152098,-0.2616528,-0.02290483,-0.03218344,0.007467533,-0.02246855,-0.01627435,0.02618456,0,0,0,0,-10,0.01982897,255,0
7.591995,-1.074833,1.109483,-0.3064364,-1.095789,1.151648,-0.2606599,-0.03818428,-0.0534708,0.01363071,-0.03062335,-0.0195404,0.03920887,0,0,0,0,-10,0.01949902,255,0
7.614182,-1.07544,1.108637,-0.3062315,-1.096228,1.151412,-0.2601193,-0.06073904,-0.08544136,0.0224522,-0.04516296,-0.0263864,0.05819893,0,0,0,0,-10,0.01914517,255,0
7.637024,-1.076433,1.107221,-0.3059092,-1.096973,1.151042,-0.2592203,-0.02676018,-0.0373223,0.009037475,-0.01932095,-0.01040966,0.02384232,0,0,0,0,-10,0.01895881,255,0
